operational_risk_level,device_count,total_failure_events,total_maintenance_cost,avg_maintenance_cost,avg_downtime_hours
Low,2292,3727,13662855.315655297,5961.106158662869,7.229201570680629
Medium,1500,3378,16449987.403759226,10966.658269172818,13.4225
High,357,1018,6033418.8221500795,16900.332835154284,20.63
