device_type,device_count,total_failure_events,avg_failure_events,total_maintenance_cost,avg_maintenance_cost,avg_downtime_hours,high_risk_devices,replacement_review_count
Defibrillator,701,1424,2.0313837375178316,6181604.566109623,8818.266142809733,10.661740370898716,75,194
Infusion Pump,705,1413,2.0042553191489363,5988242.0676334,8493.960379621843,10.616099290780141,46,158
X-Ray Machine,729,1413,1.9382716049382716,6297546.918171297,8638.610312992178,10.601961591220851,64,200
PET Scanner,679,1310,1.9293078055964654,6005310.976347506,8844.346062367462,11.03896907216495,59,176
MRI Scanner,673,1296,1.925705794947994,5781103.874114072,8590.050333007537,10.463372956909362,54,167
CT Scanner,662,1267,1.9138972809667674,5892453.139188706,8900.98661508868,10.337794561933535,59,159
