corrected_expense_category,expense_count,total_amount,average_amount,min_amount,max_amount
Staffing,183,4376609.49,23915.898852459017,1133.11,49581.16
Supplies,172,4264251.13,24792.15773255814,1110.27,49511.97
Equipment,145,3719385.11,25650.931793103446,3242.27,49266.87
