replacement_review_flag,device_count,total_failure_events,total_maintenance_cost,avg_maintenance_cost,avg_downtime_hours
Monitor,3095,5060,22599483.059165448,7301.93313704861,8.889560581583199
Review for Replacement,1054,3063,13546778.482399154,12852.731007968838,15.706641366223907
