manufacturer,device_count,total_failure_events,avg_failure_events,total_maintenance_cost,avg_maintenance_cost,avg_downtime_hours,high_risk_devices
ScanPro,729,1389,1.9053497942386832,6326665.3756202785,8678.553327325484,10.489753086419753,62
ImagingTech,698,1380,1.9770773638968482,6107917.593669718,8750.59827173312,10.69085959885387,62
RescueTech,689,1349,1.957910014513788,6027265.616948439,8747.845597893234,10.649608127721335,58
UltraMed,665,1344,2.0210526315789474,5982443.8608810585,8996.156181776028,10.571593984962405,55
CardioSync,677,1274,1.881831610044313,5860667.2027564505,8656.820092697859,10.696661742983752,55
MedEquip,691,1387,2.007235890014472,5841301.891688658,8453.403605917016,10.635904486251809,65
